E001	하우즈 잇 고잉?
E002	아임 온 잇.
E003	렛츠 콜 잇 어 데이.
E004	노 워리즈.
E005	아이 쿠든트 어그리 모어.
E006	잇츠 업 투 유.
E007	롱 타임 노 씨.
E008	아임 러닝 레이트.
E009	댓 메익스 센스.
E010	아일 킵 댓 인 마인드.
E011	잇츠 어 피스 오브 케익.
E012	아임 올 이어즈.
E013	브레익 어 레그!
E014	렛 미 겟 백 투 유.
E015	아임 저스트 브라우징.
E016	잇 슬립트 마이 마인드.
E017	테익 유어 타임.
E018	아임 낫 슈어 옛.
E019	사운즈 굿 투 미.
E020	아이 오우 유 원.
E021	렛츠 플레이 잇 바이 이어.
E022	아임 비트.
E023	댓츠 어 버머.
E024	아임 온 더 펜스.
E025	렛츠 터치 베이스 레이러.
E026	잇츠 낫 어 빅 딜.
E027	아임 루킹 포워드 투 잇.
E028	기브 미 어 세컨드.
E029	아이 캔트 메익 잇.
E030	댓 링즈 어 벨.
E031	아임 다운 포 댓.
E032	잇츠 아웃 오브 마이 핸즈.
E033	렛츠 컷 투 더 체이스.
E034	아임 히어 포 유.
E035	댓츠 어 스트레치.
E036	아일 테익 어 레인 첵.
E037	잇츠 워스 어 샷.
E038	아임 스턱.
E039	렛츠 랩 잇 업.
E040	아이 민 잇.
E041	댓츠 더 스피릿!
E042	아임 인 노 러쉬.
E043	잇 코스츠 언 암 앤 어 레그.
E044	렛츠 씨 하우 잇 고즈.
E045	아임 카운팅 온 유.
E046	댓츠 뉴즈 투 미.
E047	아일 패스 디스 타임.
E048	렛츠 킵 인 터치.
E049	아임 오버 더 문.
E050	댓츠 어 랩.
E051	행 인 데어.
E052	유브 갓 디스!
E053	아임 다잉 투 노우.
E054	렛츠 페이스 잇.
E055	잇츠 어 롱 스토리.
E056	아일 씨 왓 아이 캔 두.
E057	댓츠 모어 라익 잇.
E058	아임 낫 바잉 잇.
E059	렛츠 그랩 어 바잇.
E060	아임 이지.
E061	잇츠 낫 마이 컵 오브 티.
E062	아일 홀드 유 투 댓.
E063	댓츠 더 래스트 스트로.
E064	아임 스왐트.
E065	렛츠 스플릿 더 빌.
E066	잇츠 온 더 하우스.
E067	아임 인 오버 마이 헤드.
E068	댓츠 어 릴리프.
E069	아일 캐치 유 레이러.
E070	잇 더즌트 애드 업.
E071	아임 온 클라우드 나인.
E072	렛츠 낫 고 데어.
E073	아임 앳 어 로스 포 워즈.
E074	댓츠 더 바텀 라인.
E075	아일 윙 잇.
E076	잇츠 어 스몰 월드.
E077	아임 커팅 잇 클로즈.
E078	렛츠 낫 점프 투 컨클루전즈.
E079	댓츠 이지어 세드 댄 던.
E080	아임 러닝 온 엠티.
E081	잇츠 나우 오어 네버.
E082	아임 키핑 마이 핑거즈 크로스트.
E083	렛츠 어그리 투 디스어그리.
E084	댓츠 어 홀 디퍼런트 스토리.
E085	아임 낫 인 더 무드.
E086	잇츠 저스트 어 페이즈.
E087	아일 테익 유어 워드 포 잇.
E088	렛츠 콜 잇 이븐.
E089	댓츠 어 터프 콜.
E090	아임 어프레이드 쏘.
E091	잇츠 어 매러 오브 타임.
E092	아임 낫 컷 아웃 포 디스.
E093	렛츠 스타트 프럼 스크래치.
E094	댓츠 비사이드 더 포인트.
E095	아임 저스트 킬링 타임.
E096	잇 네버 허츠 투 애스크.
E097	아임 온 더 세임 페이지.
E098	렛츠 낫 메익 어 빅 딜 아웃 오브 잇.
E099	댓츠 어 빗 오브 어 스트레치.
E100	아임 올 셋.
E101	잇츠 워러 언더 더 브릿지.
E102	아임 낫 인 어 퍼지션 투 세이.
E103	렛츠 풋 잇 디스 웨이.
E104	댓츠 어 페어 포인트.
E105	아임 낫 폴링 포 댓 어게인.
E106	잇 슬립트 마이 어텐션.
E107	아임 저스트 세잉.
E108	렛츠 낫 비트 어라운드 더 부쉬.
E109	댓츠 어 랏 투 테익 인.
E110	아임 낫 원 투 저지.
E111	잇 고즈 위다웃 세잉.
E112	아임 게팅 더 행 오브 잇.
E113	렛츠 낫 푸쉬 아워 럭.
E114	댓츠 언 언더스테이트먼트.
E115	아임 드로잉 어 블랭크.
E116	잇츠 위딘 리치.
E117	아임 낫 빅 온 댓.
E118	렛츠 기브 잇 아워 베스트 샷.
E119	댓츠 어 클로즈 콜.
E120	아임 홀딩 업 오케이.
E121	잇 더즌트 링 트루.
E122	아임 낫 고잉 투 라이.
E123	렛츠 낫 루즈 사잇 오브 더 골.
E124	댓츠 낫 디 엔드 오브 더 월드.
E125	아임 온 탑 오브 잇.
E126	잇 코트 미 오프 가드.
E127	아임 낫 머치 오브 어 토커.
E128	렛츠 낫 스웻 더 스몰 스터프.
E129	댓츠 더 홀 포인트.
E130	아임 두잉 마이 베스트 히어.
E131	잇츠 어 던 딜.
E132	아임 낫 투 퍼스트 어바웃 잇.
E133	렛츠 킵 디스 비트윈 어스.
E134	댓츠 어 나이스 체인지 오브 페이스.
E135	아임 낫 엔타이얼리 슈어.
E136	잇츠 어바웃 타임.
E137	아임 저스트 띵킹 아웃 라우드.
E138	렛츠 낫 오버두 잇.
E139	댓츠 어 로드 오프 마이 마인드.
E140	아임 낫 폴링 비하인드.
E141	잇츠 어 파인 라인.
E142	아임 저스트 태깅 어롱.
E143	렛츠 낫 락 더 보트.
E144	댓츠 위딘 버짓.
E145	아임 코셔슬리 옵티미스틱.
E146	잇츠 어 투 웨이 스트릿.
E147	아임 낫 메이킹 애니 프라미시즈.
E148	렛츠 테익 잇 원 스텝 앳 어 타임.
E149	댓츠 어 게임 체인저.
E150	아임 기빙 잇 마이 올.
E151	잇츠 어 슬리퍼리 슬로프.
E152	아임 낫 루징 슬립 오버 잇.
E153	렛츠 낫 겟 어헤드 오브 아워셀브즈.
E154	댓츠 어 톨 오더.
E155	아임 플레잉 잇 세이프.
E156	잇츠 언 어콰이어드 테이스트.
E157	아임 낫 홀딩 마이 브레스.
E158	렛츠 낫 루즈 모멘텀.
E159	댓츠 파 포 더 코스.
E160	아임 게팅 콜드 피트.
E161	잇츠 어 웍 인 프라그레스.
E162	아임 낫 오프 더 훅 옛.
E163	렛츠 낫 풋 올 아워 에그즈 인 원 배스킷.
E164	댓츠 푸드 포 쏘트.
E165	아임 리딩 비트윈 더 라인즈.
E166	잇츠 어 블레싱 인 디스가이즈.
E167	아임 낫 아웃 오브 더 우즈 옛.
E168	렛츠 낫 번 애니 브릿지즈.
E169	댓츠 어 스텝 인 더 라잇 디렉션.
E170	아임 테이킹 잇 위드 어 그레인 오브 솔트.
E171	잇츠 어 더블 엣지드 소드.
E172	아임 낫 쓰로잉 인 더 타월.
E173	렛츠 낫 풋 더 카트 비포 더 호스.
E174	댓츠 더 팁 오브 디 아이스버그.
E175	아임 브레이싱 마이셀프 포 더 워스트.
E176	잇츠 어 매러 오브 퍼스펙티브.
E177	아임 낫 원 투 컴플레인.
E178	렛츠 낫 카운트 아워 치킨즈 비포 데이 해치.
E179	댓츠 더 래스트 띵 아이 니드 라잇 나우.
E180	아임 커넥팅 더 닷츠.
E181	잇츠 언 업힐 배틀.
E182	아임 낫 테이킹 애니 챈시즈.
E183	렛츠 낫 쓰로우 더 베이비 아웃 위드 더 배쓰워러.
E184	댓츠 더 실버 라이닝.
E185	아임 리딩 더 룸.
E186	잇츠 이지어 세드 댄 쇼운.
E187	아임 낫 메이킹 익스큐지즈.
E188	렛츠 낫 징스 잇.
E189	댓츠 어 립 오브 페이쓰.
E190	아임 웨잉 마이 압션즈.
E191	잇츠 어 넘버즈 게임.
E192	아임 낫 레팅 디스 슬라이드.
E193	렛츠 낫 스프레드 아워셀브즈 투 띤.
E194	댓츠 어 라잇 오브 패시지.
E195	아임 스티킹 투 마이 건즈.
E196	잇츠 어 웨익 업 콜.
E197	아임 낫 뱅킹 온 잇.
E198	렛츠 낫 루즈 하트.
E199	댓츠 어 레시피 포 디재스터.
E200	아이드 라익 투 첵 인.
E201	두 아이 니드 투 트랜스퍼?
E202	웨어즈 더 배기지 클레임?
E203	마이 플라잇 갓 딜레이드.
E204	이즈 디스 씻 테이큰?
E205	쿠드 아이 겟 언 아일 씻?
E206	아이 해브 낫띵 투 디클레어.
E207	아임 히어 온 베이케이션.
E208	마이 러기지 디든트 어라이브.
E209	하우 롱 이즈 더 레이오버?
E210	쿠쥬 킵 언 아이 온 마이 백?
E211	아이 띵크 아임 앳 더 롱 게잇.
E212	아이 해브 어 레저베이션 언더 킴.
E213	왓 타임 이즈 첵아웃?
E214	쿠드 아이 겟 어 레잇 첵아웃?
E215	디 에어 컨디셔닝 이즌트 워킹.
E216	쿠드 아이 해브 썸 엑스트라 타월즈?
E217	이즈 브렉퍼스트 인클루디드?
E218	캔 아이 리브 마이 러기지 히어?
E219	아이드 라익 투 익스텐드 마이 스테이.
E220	테이블 포 투, 플리즈.
E221	왓 두 유 레커멘드?
E222	아일 해브 더 세임.
E223	쿠드 아이 겟 디스 투 고?
E224	이즈 디스 스파이시?
E225	아이 해브 어 피넛 앨러지.
E226	쿠드 위 겟 세퍼릿 첵스?
E227	디스 이즌트 왓 아이 오더드.
E228	위어 레디 투 오더.
E229	두 유 테익 카즈?
E230	하우 롱 이즈 더 웨잇?
E231	이즈 데어 어 베지테리언 압션?
E232	쿠드 아이 겟 잇 위다웃 아이스?
E233	아임 저스트 루킹 포 어 기프트.
E234	두 유 해브 디스 인 어 스몰러 사이즈?
E235	캔 아이 트라이 디스 온?
E236	웨어즈 더 피팅 룸?
E237	쿠드 아이 겟 어 리펀드?
E238	아이드 라익 투 익스체인지 디스.
E239	잇 더즌트 핏.
E240	쿠쥬 기프트 랩 잇?
E241	댓츠 아웃 오브 마이 프라이스 레인지.
E242	두 유 해브 애니 인 스탁?
E243	쿠쥬 홀드 디스 포 미?
E244	아이드 라익 투 메익 언 어포인트먼트.
E245	아이 해브 어 쏘어 쓰롯.
E246	아이브 해드 어 피버 씬스 예스터데이.
E247	잇 허츠 라잇 히어.
E248	아임 얼러직 투 페니실린.
E249	두 아이 니드 어 프리스크립션?
E250	하우 오펀 슈드 아이 테익 디스?
E251	아 데어 애니 사이드 이펙츠?
E252	아이 트위스티드 마이 앵클.
E253	아이 필 디지.
E254	잇 컴즈 앤 고즈.
E255	테익 잇 이지 포 어 퓨 데이즈.
E256	쿠쥬 웍 미 쓰루 잇?
E257	아일 팔로우 업 온 댓.
E258	캔 위 푸쉬 더 데드라인?
E259	아임 러닝 비하인드 스케줄.
E260	쿠쥬 룹 미 인?
E261	렛츠 테익 디스 오프라인.
E262	댓츠 아웃사이드 마이 스코프.
E263	두 유 해브 어 미닛?
E264	아일 센드 잇 오버 바이 엔드 오브 데이.
E265	쿠쥬 클래리파이 댓?
E266	아이 해브 어 랏 온 마이 플레이트.
E267	후즈 테이킹 더 리드 온 디스?
E268	아일 킵 유 포스티드.
E269	댓 웍스 포 미.
E270	쿠드 위 리스케줄?
E271	아임 온 보드 위드 댓.
E272	쿠쥬 스픽 업 어 리를?
E273	유어 브레이킹 업.
E274	캔 유 히어 미 오케이?
E275	렛 미 풋 유 온 홀드.
E276	히즈 낫 앳 히즈 데스크 라잇 나우.
E277	쿠드 아이 리브 어 메시지?
E278	아임 리터닝 유어 콜.
E279	땡스 포 게팅 백 투 미.
E280	플리즈 파인드 더 파일 어태치드.
E281	쏘리 포 더 레잇 리플라이.
E282	렛 미 노우 이퓨 니드 애니띵 엘스.
E283	쿠쥬 리센드 댓?
E284	하우 두 아이 겟 투 더 스테이션?
E285	이즈 잇 위딘 워킹 디스턴스?
E286	위치 라인 슈드 아이 테익?
E287	웨어 두 아이 트랜스퍼?
E288	더즈 디스 버스 고 다운타운?
E289	아이 미스트 마이 스탑.
E290	하우 머치 이즈 더 페어?
E291	트래픽 이즈 범퍼 투 범퍼.
E292	쿠쥬 드랍 미 오프 히어?
E293	아이 띵크 위어 고잉 더 롱 웨이.
E294	잇츠 저스트 어라운드 더 코너.
E295	아이드 라익 투 오픈 언 어카운트.
E296	왓츠 디 익스체인지 레잇 투데이?
E297	이즈 데어 어 서비스 피?
E298	마이 카드 워즈 디클라인드.
E299	쿠쥬 브레익 디스 빌?
E300	아이 니드 투 업데잇 마이 애드레스.
E301	하우 롱 윌 잇 테익 투 프라세스?
E302	두 아이 니드 투 브링 마이 아이디?
E303	더 씽크 이즈 클로그드.
E304	더 히터 원트 턴 온.
E305	데어즈 어 릭 인 더 씰링.
E306	쿠쥬 컴 테익 어 룩?
E307	하우 머치 우드 잇 코스트 투 픽스?
E308	더 라잇 벌브 번드 아웃.
E309	아임 락트 아웃.
E310	더 와이파이 킵스 드라핑.
E311	이즈 더 디파짓 리펀더블?
E312	유틸리티즈 아 낫 인클루디드.
E313	쿠쥬 익스플레인 댓 어게인?
E314	아임 폴링 비하인드 인 클래스.
E315	웬 이즈 디 어사인먼트 듀?
E316	쿠드 아이 겟 언 익스텐션?
E317	아이 에이스트 더 테스트.
E318	아이 베얼리 패스트.
E319	쿠드 아이 바로우 유어 노츠?
E320	아이 니드 투 브러쉬 업 온 마이 잉글리쉬.
E321	아이 존드 아웃 듀링 더 렉처.
E322	마이 폰 이즈 어바웃 투 다이.
E323	쿠드 아이 바로우 유어 차저?
E324	디 앱 킵스 크래싱.
E325	트라이 터닝 잇 오프 앤 온 어게인.
E326	아이 포갓 마이 패스워드.
E327	쿠쥬 센드 미 더 링크?
E328	마이 스크린 프로즈.
E329	아이 니드 투 백 디스 업.
E330	아 유 프리 디스 위켄드?
E331	왓 타임 웍스 포 유?
E332	렛츠 밋 해프웨이.
E333	아일 텍스트 유 웬 아이 겟 데어.
E334	썸띵 케임 업.
E335	캔 위 메익 잇 어나더 타임?
E336	땡스 포 해빙 미.
E337	아이 해드 어 그레잇 타임.
E338	세이 하이 투 유어 패밀리 포 미.
E339	잇츠 마이 트릿.
E340	돈트 비 어 스트레인저.
E341	쏘리 투 킵 유 웨이팅.
E342	아이 노우 하우 유 필.
E343	댓 머스트 해브 빈 하드.
E344	아임 쏘 해피 포 유.
E345	돈트 테익 잇 퍼스널리.
E346	아이 디든트 민 잇 댓 웨이.
E347	아이 어프리시에잇 잇.
E348	댓츠 베리 카인드 오브 유.
E349	아이 필 더 세임 웨이.
E350	아임 프라우드 오브 유.
E351	노 하드 필링즈.
E352	잇츠 낫 유어 폴트.
E353	아임 쏘리 투 히어 댓.
E354	유 메이드 마이 데이.
E355	잇츠 포링 아웃사이드.
E356	잇츠 프리징 투데이.
E357	더 웨더 클리어드 업.
E358	돈트 포겟 유어 엄브렐라.
E359	아임 낫 머치 오브 어 쿡.
E360	아이 웍 아웃 쓰리 타임즈 어 윅.
E361	아임 인투 포타그래피 디즈 데이즈.
E362	아이 유즈드 투 플레이 더 기타.
E363	렛츠 고 포 어 웍.
E364	아이 빈지 워치트 더 홀 시리즈.
E365	렛츠 서클 백 온 디스.
E366	아일 테익 더 미닛츠.
E367	캔 위 테이블 댓 포 나우?
E368	아임 스왐트 디스 윅.
E369	렛츠 씽크 업 온 먼데이.
E370	후즈 더 포인트 오브 컨택트?
E371	아일 드래프트 썸띵 업.
E372	댓츠 낫 마이 콜.
E373	렛츠 겟 에브리원 온 더 세임 페이지.
E374	아일 서큘레잇 더 덱.
E375	캔 유 커버 포 미?
E376	렛츠 파크 댓 아이디어.
E377	아임 온 어 콜 라잇 나우.
E378	쿠쥬 싸인 오프 온 디스?
E379	렛츠 킵 잇 브리프.
E380	아일 핸들 더 레스트.
E381	위어 비하인드 온 디스 원.
E382	렛츠 셋 썸 그라운드 룰즈.
E383	아일 핑 유 레이러.
E384	댓츠 어보브 마이 페이 그레이드.
E385	렛츠 디바이드 앤 캉커.
E386	아일 블락 오프 썸 타임.
E387	아 위 올 셋?
E388	렛츠 낫 리인벤트 더 휠.
E389	아이드 라익 투 웨이 인 온 댓.
E390	렛츠 테익 어 파이브 미닛 브레익.
E391	아일 오운 댓 액션 아이템.
E392	캔 위 겟 어 헤드카운트?
E393	댓 슬립트 쓰루 더 크랙스.
E394	렛츠 레이즈 더 바.
E395	아임 플레잉 캐치 업.
E396	쿠쥬 테익 디스 오프라인 위드 힘?
E397	렛츠 무브 더 니들 온 디스.
E398	아일 런 잇 바이 마이 매니저.
E399	위어 스트레치트 띤.
E400	렛츠 풋 어 핀 인 잇.
E401	아일 비 아웃 오브 오피스 넥스트 윅.
E402	쿠쥬 더블 첵 더 넘버즈?
E403	렛츠 킵 더 스코프 타잇.
E404	아임 낫 팔로잉.
E405	렛츠 리비짓 디스 넥스트 쿼터.
E406	아일 에스컬레잇 잇.
E407	캔 위 타임박스 디스?
E408	렛츠 얼라인 온 더 골 퍼스트.
E409	아일 테익 댓 애즈 어 예스.
E410	위 니드 투 프라이오리타이즈.
E411	렛츠 두 어 퀵 라운드 테이블.
E412	댓츠 어 하드 데드라인.
E413	아일 룹 인 더 디자인 팀.
E414	렛츠 낫 오버엔지니어 잇.
E415	쿠쥬 기브 미 어 볼파크?
E416	아임 헤즈 다운 온 디스.
E417	렛츠 다큐멘트 댓 디시전.
E418	땡스 포 플래깅 댓.
E419	메이 아이 애스크 후즈 콜링?
E420	아일 트랜스퍼 유 나우.
E421	더 라인 이즈 비지.
E422	쿠드 아이 콜 유 백 인 텐 미닛츠?
E423	유 해브 더 롱 넘버.
E424	아임 저스트 콜링 투 컨펌.
E425	렛 미 첵 앤 겟 백 투 유.
E426	쏘리, 위 갓 디스커넥티드.
E427	쿠쥬 스펠 댓 포 미?
E428	아일 킵 디스 쇼트.
E429	플리즈 디스리가드 마이 래스트 이메일.
E430	아임 팔로잉 업 온 마이 프리비어스 메시지.
E431	렛 미 노우 어 타임 댓 웍스.
E432	아이브 카피드 마이 칼리그 온 디스.
E433	어팔러지즈 포 더 컨퓨전.
E434	쿠쥬 컨펌 리씻?
E435	아임 리칭 아웃 비코즈 오브 더 딜레이.
E436	필 프리 투 리치 아웃 애니타임.
E437	더 파일 워즈 투 라지 투 어태치.
E438	쿠드 위 무브 디스 투 어 콜?
E439	아일 씨씨 유 고잉 포워드.
E440	유어 콜 이즈 임포턴트 투 어스.
E441	아이드 래더 풋 댓 인 라이팅.
E442	쏘리, 쿠쥬 리핏 더 래스트 파트?
E443	아일 센드 어 캘린더 인바잇.
E444	마이 인박스 이즈 어 메스 라잇 나우.
E445	땡스 포 유어 페이션스.
E446	쿠쥬 풋 댓 인 언 이메일?
E447	아임 아웃 오브 디 오피스 언틸 먼데이.
E448	저스트 어 퀵 퀘스천 포 유.
E449	아이 네버 리시브드 잇.
E450	렛츠 킵 디스 쓰레드 고잉.
E451	아일 앤서 포인트 바이 포인트.
E452	아이드 라익 투 클로즈 마이 어카운트.
E453	쿠드 아이 위드드로우 디스 인 캐쉬?
E454	왓 다큐먼츠 두 아이 니드?
E455	이즈 데어 언 에이티엠 니어바이?
E456	아이드 라익 투 트랜스퍼 썸 머니.
E457	쿠쥬 첵 마이 밸런스?
E458	아이 로스트 마이 카드.
E459	두 아이 니드 투 메익 언 어포인트먼트?
E460	웨어 두 아이 싸인?
E461	쿠드 아이 겟 어 리씻?
E462	이즈 디스 폼 업 투 데잇?
E463	아임 히어 투 픽 업 어 다큐먼트.
E464	테익 어 넘버 앤 웨잇.
E465	쿠쥬 노터라이즈 디스?
E466	왓츠 디 인터레스트 레잇?
E467	아이드 라익 투 셋 업 오토매틱 페이먼츠.
E468	데어즈 어 차지 아이 돈트 레커그나이즈.
E469	쿠쥬 웨이브 더 피?
E470	이즈 디 오피스 오픈 온 새러데이즈?
E471	아이 니드 투 리뉴 마이 비자.
E472	캔 아이 두 디스 온라인 인스테드?
E473	쿠쥬 스탬프 디스 포 미?
E474	마이 애플리케이션 워즈 리젝티드.
E475	하우 머치 캔 아이 위드드로우 퍼 데이?
E476	아이드 라익 투 리포트 어 로스트 아이템.
E477	쿠쥬 익스플레인 디스 차지?
E478	쿠드 위 씻 바이 더 윈도우?
E479	두 유 해브 어 메뉴 인 잉글리쉬?
E480	아일 스타트 위드 어 커피.
E481	쿠드 아이 씨 더 디저트 메뉴?
E482	이즈 서비스 차지 인클루디드?
E483	쿠쥬 메익 잇 레스 솔티?
E484	위어 인 어 빗 오브 어 허리.
E485	쿠드 아이 겟 어 리필?
E486	왓츠 인 디스 디쉬?
E487	아이드 라익 잇 미디엄 레어.
E488	쿠드 위 겟 썸 냅킨즈?
E489	댓츠 플렌티, 땡큐.
E490	쿠드 아이 겟 더 첵, 플리즈?
E491	두 유 해브 애니 테이블즈 아웃사이드?
E492	아이드 라익 투 메익 어 레저베이션 포 포.
E493	쿠쥬 박스 업 더 레프트오버즈?
E494	이즈 데어 어 미니멈 오더?
E495	쿠드 아이 스위치 더 사이드 디쉬?
E496	디스 이즈 콜드.
E497	위드 라익 투 스플릿 잇 쓰리 웨이즈.
E498	왓츠 유어 모스트 파퓰러 아이템?
E499	쿠드 아이 겟 댓 아이스트?
E500	이즈 데어 어 씻 어베일러블?
E501	두 유 해브 와이파이 히어?
E502	쿠쥬 홀드 디 어니언즈?
E503	위 디든트 오더 디스.
E504	하우 빅 이즈 더 포션?
E505	쿠드 위 무브 투 어 비거 테이블?
E506	아일 해브 왓 쉬즈 해빙.
E507	두 유 서브 브렉퍼스트 올 데이?
E508	쿠드 아이 겟 엑스트라 소스 온 더 사이드?
E509	이즈 탭 워러 오케이?
E510	아임 얼러직 투 쉘피쉬.
E511	쿠쥬 브링 잇 아웃 투게더?
E512	하우 스파이시 이즈 잇 온 어 스케일 오브 원 투 텐?
E513	쿠드 아이 페이 바이 카드?
E514	이즈 데어 어 드레스 코드?
E515	쿠드 위 겟 원 모어 체어?
E516	에브리띵 워즈 그레잇, 땡큐.
E517	두 유 해브 애니 스페셜즈 투데이?
E518	쿠드 아이 겟 어 스트로?
E519	아이드 라익 투 캔슬 마이 레저베이션.
E520	이즈 잇 메이드 프레쉬?
E521	쿠쥬 턴 다운 더 뮤직 어 리를?
E522	킵 더 체인지.
E523	아 유 스틸 서빙 푸드?
E524	쿠드 아이 해브 어 투 고 컵?
E525	하우 머치 이즈 디스?
E526	이즈 디스 온 세일?
E527	두 유 해브 디스 인 어나더 컬러?
E528	쿠쥬 첵 더 백?
E529	아일 테익 잇.
E530	아일 띵크 어바웃 잇.
E531	쿠드 아이 겟 어 디스카운트?
E532	더즈 잇 컴 위드 어 워런티?
E533	왓츠 유어 리턴 팔러시?
E534	아이 해브 더 리씻.
E535	잇 어라이브드 대미지드.
E536	디스 이즈 더 롱 아이템.
E537	쿠드 아이 겟 스토어 크레딧 인스테드?
E538	하우 롱 더즈 쉬핑 테익?
E539	이즈 쉬핑 프리?
E540	쿠쥬 오더 잇 포 미?
E541	아임 루킹 포 썸띵 언더 피프티.
E542	더즈 디스 런 스몰?
E543	쿠드 아이 리턴 잇 위다웃 더 박스?
E544	더 지퍼 이즈 브로큰.
E545	웬 더즈 더 세일 엔드?
E546	두 유 프라이스 매치?
E547	쿠드 아이 유즈 디스 쿠폰?
E548	아이드 라익 투 캔슬 마이 오더.
E549	쿠쥬 트랙 마이 패키지?
E550	이즈 데어 어 리스타킹 피?
E551	쿠쥬 테익 더 택 오프?
E552	두 유 딜리버?
E553	아이 보트 잇 히어 래스트 윅.
E554	쿠드 아이 스픽 투 더 매니저?
E555	이즈 디스 더 파이널 프라이스?
E556	쿠드 아이 겟 어 백?
E557	잇츠 스틸 언더 워런티.
E558	쿠쥬 쇼우 미 하우 잇 웍스?
E559	아이 체인지드 마이 마인드.
E560	웬 윌 잇 비 백 인 스탁?
E561	쿠쥬 링 미 업?
E562	두 유 억셉트 모바일 페이먼트?
E563	더 리펀드 해즌트 컴 쓰루 옛.
E564	쿠드 아이 첵 인 얼리?
E565	이즈 데어 어 셔틀 투 디 에어포트?
E566	쿠드 아이 겟 어 룸 온 어 하이어 플로어?
E567	더 룸 해즌트 빈 클린드.
E568	쿠쥬 콜 미 어 택시?
E569	왓츠 더 와이파이 패스워드?
E570	이즈 데어 어 짐 인 더 호텔?
E571	쿠드 아이 해브 어 웨익 업 콜 앳 식스?
E572	더 키 카드 이즌트 워킹.
E573	이즈 데어 어 세이프 인 더 룸?
E574	쿠드 아이 스위치 룸즈?
E575	왓 타임 더즈 브렉퍼스트 스타트?
E576	쿠쥬 레커멘드 썸띵 니어바이?
E577	이즈 데어 룸 서비스?
E578	쿠드 아이 겟 어 콰이어러 룸?
E579	두 유 해브 어 론드리 서비스?
E580	쿠쥬 차지 잇 투 마이 룸?
E581	이즈 파킹 인클루디드?
E582	쿠드 아이 해브 어 논 스모킹 룸?
E583	더 샤워 이즈 온리 러닝 콜드.
E584	쿠쥬 스토어 마이 백 언틸 이브닝?
E585	아이드 라익 투 첵 아웃 나우.
E586	쿠드 아이 씨 더 빌?
E587	데어즈 어 차지 아이 디든트 메익.
E588	두 유 해브 어 맵 오브 디 에어리어?
E589	쿠드 아이 북 어나더 나잇?
E590	이즈 더 탭 워러 드링커블?
E591	쿠드 아이 겟 어 리씻 포 마이 컴퍼니?
E592	이즈 더 풀 오픈 투데이?
E593	쿠쥬 센드 썸원 업?
E594	하우 파 이즈 잇 프럼 더 스테이션?
E595	쿠드 아이 해브 투 모어 필로우즈?
E596	윈도우 오어 아일?
E597	하우 매니 백즈 아 유 체킹?
E598	마이 백 이즈 오버웨잇.
E599	쿠드 아이 캐리 디스 온?
E600	위치 터미널 이즈 잇?
E601	웬 더즈 보딩 스타트?
E602	아이드 라익 투 체인지 마이 씻.
E603	웨어즈 더 디파처 게잇?
E604	마이 플라잇 워즈 캔슬드.
E605	쿠드 아이 겟 온 언 얼리어 플라잇?
E606	이즈 더 플라잇 온 타임?
E607	아이 니드 투 고 쓰루 시큐리티.
E608	두 아이 니드 투 테익 오프 마이 슈즈?
E609	잇츠 저스트 어 랩탑.
E610	쿠쥬 풋 디스 인 디 오버헤드 빈?
E611	쿠드 아이 해브 썸 워러?
E612	쿠쥬 리클라인 유어 씻 어 빗 레스?
E613	아이 겟 모션 시크니스.
E614	왓츠 더 퍼퍼스 오브 유어 비짓?
E615	아임 스테잉 포 투 윅스.
E616	아임 히어 온 비즈니스.
E617	웨어 캔 아이 익스체인지 머니?
E618	이즈 데어 어 듀티 프리 샵?
E619	쿠드 아이 겟 어 보딩 패스 프린티드?
E620	하우 머치 이즈 더 배기지 피?
E621	아임 커넥팅 투 도쿄.
E622	윌 마이 백 비 첵트 쓰루?
E623	웨어즈 더 니어리스트 레스트룸?
E624	쿠드 아이 해브 어 블랭킷?
E625	왓츠 더 로컬 타임?
E626	이즈 데어 와이파이 온 보드?
E627	쿠쥬 필 아웃 디스 폼?
E628	아이 해브 어 타잇 커넥션.
E629	웨어 두 아이 픽 업 마이 렌털 카?
E630	마이 숫케이스 이즈 대미지드.
E631	쿠쥬 페이지 마이 트래블 컴패니언?
E632	이즈 데어 어 라운지 아이 캔 유즈?
E633	플리즈 패슨 유어 씻벨트.
E634	쿠드 아이 스위치 투 어 윈도우 씻?
E635	하우 롱 이즈 더 플라잇?
E636	아이 북트 잇 언더 마이 메이든 네임.
E637	쿠드 아이 겟 어 베지테리언 밀?
E638	데어 콜링 마이 플라잇.
E639	쿠쥬 텔 미 웨어 아이 앰 온 더 맵?
E640	하우 롱 더즈 잇 테익 온 풋?
E641	이즈 데어 어 다이렉트 트레인?
E642	위치 엑싯 슈드 아이 테익?
E643	더즈 디스 트레인 스탑 데어?
E644	웬즈 더 래스트 트레인?
E645	쿠쥬 렛 미 노우 웬 위 겟 데어?
E646	테익 어 레프트 앳 더 넥스트 라잇.
E647	잇츠 어크로스 더 스트릿.
E648	고 스트레잇 포 투 블락스.
E649	앰 아이 고잉 더 라잇 웨이?
E650	쿠쥬 슬로우 다운 어 리를?
E651	플리즈 테익 미 투 디스 애드레스.
E652	하우 머치 윌 잇 코스트 러플리?
E653	쿠쥬 팝 더 트렁크?
E654	이즈 디스 더 라잇 플랫폼?
E655	더 버스 이즈 러닝 레잇.
E656	쿠드 아이 겟 어 데이 패스?
E657	웨어 두 아이 탭 마이 카드?
E658	하우 매니 스탑스 이즈 잇?
E659	아일 웍 프럼 히어.
E660	이즈 데어 파킹 니어바이?
E661	마이 카 브로크 다운.
E662	쿠쥬 턴 온 더 미러?
E663	아이드 라익 투 겟 오프 앳 더 넥스트 스탑.
E664	더즈 디스 고 올 더 웨이 투 디 에어포트?
E665	아이 띵크 아이 갓 온 더 롱 트레인.
E666	쿠쥬 라잇 잇 다운 포 미?
E667	이즈 잇 패스터 바이 서브웨이 오어 버스?
E668	더 로드 이즈 클로즈드 어헤드.
E669	쿠쥬 드랍 미 앳 더 코너?
E670	하우 오펀 더즈 잇 컴?
E671	아임 루킹 포 더 노쓰 엔트런스.
E672	캔 아이 웍 데어 인 텐 미닛츠?
E673	쿠쥬 포인트 미 인 더 라잇 디렉션?
E674	데어즈 어 숏컷 쓰루 더 파크.
E675	아일 테익 어 택시 인스테드.
E676	이즈 디스 스트릿 원 웨이?
E677	위어 올모스트 데어.
E678	아임 낫 필링 웰.
E679	아이 해브 어 스플리팅 헤드에익.
E680	마이 스터먹 해즈 빈 업셋 올 데이.
E681	아이 캔트 스탑 코핑.
E682	하우 롱 해브 유 해드 디스?
E683	쿠쥬 롤 업 유어 슬리브?
E684	두 유 해브 애니 앨러지즈?
E685	테익 디스 트와이스 어 데이 애프터 밀즈.
E686	이즈 잇 컨테이저스?
E687	슈드 아이 겟 언 엑스레이?
E688	아이브 빈 해빙 트러블 슬리핑.
E689	이즈 디스 커버드 바이 인슈어런스?
E690	쿠드 아이 겟 어 닥터즈 노트?
E691	아이 랜 아웃 오브 마이 메디케이션.
E692	이즈 데어 어 제네릭 버전?
E693	캔 아이 테익 디스 위드 푸드?
E694	아이 띵크 아이 해브 푸드 포이즈닝.
E695	마이 백 해즈 빈 액팅 업.
E696	쿠쥬 리퍼 미 투 어 스페셜리스트?
E697	하우 쑨 윌 아이 필 베러?
E698	아이드 라익 투 리스케줄 마이 어포인트먼트.
E699	이즈 더 닥터 러닝 비하인드?
E700	잇츠 빈 게팅 워스.
E701	쿠쥬 첵 마이 블러드 프레셔?
E702	아임 온 메디케이션 포 마이 싸이로이드.
E703	두 아이 니드 투 패스트 비포핸드?
E704	웬 윌 더 리절츠 컴 인?
E705	잇 스팅즈 어 리를.
E706	쿠드 아이 겟 썸띵 포 더 페인?
E707	이즈 데어 어 파머시 오픈 나우?
E708	아이 니드 어 밴드에이드.
E709	아이브 빈 필링 런 다운.
E710	슈드 아이 컴 백 포 어 팔로우 업?
E711	더 토일렛 원트 플러쉬.
E712	데어즈 노 핫 워러.
E713	더 도어 원트 락.
E714	쿠쥬 컴 바이 디스 애프터눈?
E715	더 네이버즈 아 릴리 라우드.
E716	웬 이즈 더 렌트 듀?
E717	쿠드 아이 리뉴 더 리스?
E718	아 펫츠 얼라우드?
E719	더 페인트 이즈 필링.
E720	쿠쥬 픽스 잇 비포 아이 무브 인?
E721	더 드레인 스멜즈.
E722	아이드 라익 투 기브 노티스.
E723	하우 머치 이즈 더 메인터넌스 피?
E724	데어즈 몰드 인 더 코너.
E725	쿠쥬 테익 어 룩 앳 더 보일러?
E726	웬 두 데이 컬렉트 더 트래쉬?
E727	더 윈도우 더즌트 클로즈 프라펄리.
E728	쿠드 아이 겟 어 카피 오브 더 키?
E729	더 파워 킵스 고잉 아웃.
E730	이즈 더 퍼니처 인클루디드?
E731	쿠쥬 센드 썸원 투 룩 앳 잇?
E732	하우 머치 노티스 두 아이 니드 투 기브?
E733	더 플로어 크릭스.
E734	쿠드 위 스플릿 더 리페어 코스트?
E735	이즈 데어 스토리지 인 더 빌딩?
E736	디 엘리베이러 이즈 아웃 오브 서비스.
E737	쿠쥬 타이튼 디스?
E738	웬 워즈 잇 래스트 서비스드?
E739	아일 비 홈 애프터 세븐.
E740	쿠쥬 기브 미 언 에스티밋 퍼스트?
E741	마이 배터리 이즈 앳 파이브 퍼센트.
E742	더 커넥션 킵스 타이밍 아웃.
E743	쿠쥬 쉐어 유어 스크린?
E744	유어 온 뮤트.
E745	쿠쥬 리프레쉬 더 페이지?
E746	아임 게팅 언 에러 메시지.
E747	해브 유 트라이드 클리어링 더 캐쉬?
E748	마이 스토리지 이즈 풀.
E749	쿠쥬 센드 댓 애즈 어 피디에프?
E750	디 업데잇 이즈 테이킹 포에버.
E751	아이 캔트 로그 인.
E752	이즈 데어 어 프리 트라이얼?
E753	쿠쥬 턴 온 유어 캐머라?
E754	더 사운드 이즈 커팅 아웃.
E755	아일 드랍 더 링크 인 더 챗.
E756	쿠쥬 리스타트 더 라우터?
E757	마이 폰 원트 차지.
E758	쿠쥬 스캔 디스 앤 이메일 잇?
E759	아일 쉐어 마이 로케이션.
E760	더 비디오 킵스 버퍼링.
E761	쿠쥬 첵 유어 스팸 폴더?
E762	아이 니드 투 업데잇 마이 소프트웨어.
E763	이즈 데어 어 데이터 리밋?
E764	쿠드 아이 커넥트 투 유어 핫스팟?
E765	잇 웍스 온 마이 엔드.
E766	쿠쥬 센드 어 스크린샷?
E767	마이 랩탑 킵스 오버히팅.
E768	아이 액시덴털리 딜리티드 잇.
E769	쿠쥬 애드 미 투 더 그룹 챗?
E770	렛 미 첵 마이 캘린더.
E771	더 링크 이즈 브로큰.
E772	쿠쥬 이네이블 노티피케이션즈?
E773	아이 해브 언 이그잼 넥스트 윅.
E774	쿠쥬 고 오버 댓 원 모어 타임?
E775	아이브 빈 크래밍 올 나잇.
E776	왓츠 온 더 실러버스?
E777	아임 테이킹 파이브 클래시즈 디스 시메스터.
E778	쿠드 위 스터디 투게더?
E779	아이 니드 투 핸드 잇 인 바이 프라이데이.
E780	더 렉처 웬트 오버 마이 헤드.
E781	이즈 어텐던스 맨더토리?
E782	아임 메이저링 인 이커나믹스.
E783	쿠쥬 프루프리드 디스 포 미?
E784	아이 갓 어 스칼러쉽.
E785	아이 해브 어 그룹 프라젝트.
E786	하우 롱 슈드 디 에세이 비?
E787	아임 오디팅 더 클래스.
E788	쿠드 아이 겟 피드백 온 마이 드래프트?
E789	아이 스터디드 어브로드 포 어 이어.
E790	더 클래스 워즈 캔슬드.
E791	아임 테이킹 노츠.
E792	쿠쥬 레커멘드 어 텍스트북?
E793	아이 싸인드 업 포 어 랭귀지 익스체인지.
E794	마이 그레이즈 웬트 업 디스 텀.
E795	아임 비하인드 온 마이 리딩.
E796	쿠드 아이 씻 인 온 유어 클래스?
E797	왓츠 더 패싱 그레이드?
E798	아임 프리페어링 포 어 잡 인터뷰.
E799	프랙티스 메익스 퍼펙트.
E800	아이 런 베스트 바이 두잉.
E801	쿠쥬 세이 댓 인 심플러 워즈?
E802	아이브 힛 어 플래토.
E803	리를 바이 리를, 잇 애즈 업.
E804	댓츠 러프.
E805	아이브 빈 데어.
E806	테익 올 더 타임 유 니드.
E807	유 디드 에브리띵 유 쿠드.
E808	아임 히어 이퓨 니드 투 톡.
E809	댓츠 컴플리틀리 언더스탠더블.
E810	컹그래츌레이션즈, 유 언드 잇.
E811	아임 릴리브드 투 히어 댓.
E812	댓츠 디서포인팅.
E813	아이 캔트 이매진 하우 유 필.
E814	유어 낫 얼론 인 디스.
E815	댓 툭 리얼 커리지.
E816	아임 어 리를 너버스.
E817	아임 아니스틀리 터치트.
E818	돈트 비 쏘 하드 온 유어셀프.
E819	아임 프러스트레이티드 위드 마이셀프.
E820	댓 민즈 어 랏 투 미.
E821	아임 앳 마이 윗츠 엔드.
E822	치어 업.
E823	아이 릴리 니디드 투 히어 댓.
E824	아임 온 엣지 레잇리.
E825	댓츠 어 웨잇 오프 마이 숄더즈.
E826	아이 필 배드 어바웃 잇.
E827	유어 투 카인드.
E828	아임 제뉴인리 익사이티드.
E829	댓 코트 미 바이 서프라이즈.
E830	아임 쏘리 포 유어 로스.
E831	잇일 겟 베러.
E832	아이 오우 유 언 어팔러지.
E833	아임 번드 아웃.
E834	댓 풋 어 스마일 온 마이 페이스.
E835	아임 세컨드 게싱 마이셀프.
E836	노 니드 투 어팔러자이즈.
E837	아임 그레잇풀 포 유어 헬프.
E838	댓츠 서치 어 릴리프.
E839	아임 루팅 포 유.
E840	아이 디든트 민 투 업셋 유.
E841	아임 스피치리스.
E842	렛 잇 아웃.
E843	아이 호프 띵즈 세를 다운 쑨.
E844	댓츠 더 스위티스트 띵.
E845	아임 프라우드 오브 하우 유 핸들드 잇.
E846	렛츠 그랩 커피 썸타임.
E847	아 유 프리 온 떠즈데이?
E848	아일 비 데어 어라운드 세븐.
E849	카운트 미 인.
E850	아일 해브 투 패스 디스 타임.
E851	웨어 슈드 위 밋?
E852	아임 러닝 어바웃 텐 미닛츠 레잇.
E853	렛츠 메익 잇 어 빗 레이러.
E854	브링 어 프렌드 이퓨 라익.
E855	왓 아 유 업 투 디스 위켄드?
E856	잇츠 빈 에이지즈.
E857	렛츠 두 디스 어게인 쑨.
E858	아일 렛 유 노우 바이 투모로우.
E859	슈드 아이 브링 애니띵?
E860	쏘리, 아이 해브 어 프라이어 인게이지먼트.
E861	렛츠 스플릿 업 앤 밋 백 히어.
E862	아임 온 마이 웨이.
E863	세이브 미 어 씻.
E864	렛츠 캐치 업 프라펄리 썸타임.
E865	아이드 러브 투, 벗 아임 북트.
E866	이즈 잇 어 포멀 이벤트?
E867	렛츠 밋 앳 디 엔트런스.
E868	아이 해브 투 헤드 아웃.
E869	땡스 포 디 인바잇.
E870	렛츠 킵 잇 캐주얼.
E871	캔 아이 브링 마이 키즈?
E872	레인 첵?
E873	아일 텍스트 유 더 디테일즈.
E874	후 엘스 이즈 커밍?
E875	렛츠 낫 스테이 아웃 투 레잇.
E876	잇츠 온 미 투나잇.
E877	쿠드 위 푸쉬 잇 백 언 아워?
E878	아일 웍 유 아웃.
E879	렛 미 노우 웬 유 겟 홈.
E880	위 슈드 플랜 썸띵.
E881	아임 글래드 유 쿠드 메익 잇.
E882	렛츠 테익 어 포토 투게더.
E883	필 프리 투 드랍 바이.
E884	잇 워즈 나이스 미팅 유.
E885	잇츠 머기 아웃 데어.
E886	더 휴미디티 이즈 킬링 미.
E887	데어즈 어 나이스 브리즈 투데이.
E888	잇 룩스 라익 잇츠 고잉 투 레인.
E889	더 포캐스트 세즈 잇일 스노우 투나잇.
E890	잇츠 파이널리 쿨링 다운.
E891	위어 인 포 어 힛 웨이브.
E892	더 로즈 아 아이시.
E893	번들 업, 잇츠 콜드 아웃.
E894	아이 갓 코트 인 더 레인.
E895	더 썬 이즈 블레이징 투데이.
E896	잇츠 빈 글루미 올 윅.
E897	타이푼 시즌 이즈 커밍.
E898	더 체리 블라썸즈 아 인 풀 블룸.
E899	더 리브즈 아 스타팅 투 턴.
E900	아이 캔트 스탠드 디스 힛.
E901	왓츠 더 웨더 라익 데어?
E902	잇츠 퍼펙트 웨더 포 어 피크닉.
E903	아이 픽트 업 어 뉴 하비.
E904	아임 러닝 투 플레이 더 피아노.
E905	아이 컬렉트 바이닐 레코즈.
E906	아이 고 하이킹 온 위켄즈.
E907	왓 두 유 두 포 펀?
E908	아임 훅트 온 디스 게임.
E909	아이브 빈 게팅 인투 베이킹.
E910	아이 싸인드 업 포 어 요가 클래스.
E911	아이 리드 비포 베드 에브리 나잇.
E912	아임 트레이닝 포 어 매러썬.
E913	두 유 원트 투 조인 마이 북 클럽?
E914	아이 해븐트 터치트 마이 캐머라 인 먼쓰.
E915	아이드 라익 투 디스퓨트 디스 트랜잭션.
E916	숫 유어셀프.
E917	페어 이너프.
E918	유 해브 어 포인트.
E919	돈트 멘션 잇.
E920	마이 배드.
E921	세임 히어.
E922	룩 후즈 토킹.
E923	텔 미 어바웃 잇.
E924	유 캔 세이 댓 어게인.
E925	비츠 미.
E926	베러 레잇 댄 네버.
E927	베러 세이프 댄 쏘리.
E928	이지 더즈 잇.
E929	퍼스트 띵즈 퍼스트.
E930	쏘 파 쏘 굿.
E931	기브 잇 어 레스트.
E932	낙 잇 오프.
E933	킵 잇 다운.
E934	히어 미 아웃.
E935	베어 위드 미.
E936	아이 테익 댓 백.
E937	카운트 미 아웃.
E938	행 온 어 세컨드.
E939	스픽 오브 더 데빌.
E940	댓 피겨즈.
E941	돈트 쿼트 미 온 디스.
E942	렛 바이곤즈 비 바이곤즈.
E943	유 레드 마이 마인드.
E944	고 이지 온 유어셀프.
E945	돈트 겟 미 스타티드.
E946	돈트 푸쉬 잇.
E947	돈트 스웻 잇.
E948	돈트 겟 유어 홉스 업.
E949	돈트 블로우 잇 아웃 오브 프로포션.
E950	유어 오버띵킹 잇.
E951	유어 리딩 투 머치 인투 잇.
E952	유일 겟 유즈드 투 잇.
E953	유일 땡크 미 레이러.
E954	잇츠 어 롱 샷.
E955	댓츠 온 미.
E956	댓츠 온 유.
E957	유어 콜.
E958	왓에버 웍스 포 유.
E959	애니 타임 나우.
E960	쑤너 오어 레이러.
E961	원스 인 어 블루 문.
E962	아웃 오브 더 블루.
E963	인 더 롱 런.
E964	포 더 타임 비잉.
E965	올 띵즈 컨시더드.
E966	온 세컨드 쏘트.
E967	투 비 아니스트 위드 유.
E968	이프 잇츠 낫 투 머치 트러블.
E969	이프 올 엘스 페일즈.
E970	애즈 파 애즈 아이 노우.
E971	애즈 럭 우드 해브 잇.
E972	컴 투 띵크 오브 잇.
E973	나우 댓 유 멘션 잇.
E974	낫 댓 아이 노우 오브.
E975	낫 바이 어 롱 샷.
E976	낫 인 어 밀리언 이어즈.
E977	챈시즈 아 슬림.
E978	잇츠 터치 앤 고.
E979	잇츠 업 인 디 에어.
E980	잇츠 니더 히어 노어 데어.
E981	잇츠 더 쏘트 댓 카운츠.
E982	잇츠 베러 댄 낫띵.
E983	잇츠 낫 라킷 사이언스.
E984	잇츠 어 노 브레이너.
E985	잇 해펀즈 투 더 베스트 오브 어스.
E986	타임 플라이즈.
E987	타임 윌 텔.
E988	올드 해빗츠 다이 하드.
E989	렛츠 리브 잇 앳 댓.
E990	액션즈 스픽 라우더 댄 워즈.
E991	투 헤즈 아 베러 댄 원.
E992	데어즈 노 플레이스 라익 홈.
E993	데어즈 올웨이즈 넥스트 타임.
E994	롬 워즌트 빌트 인 어 데이.
E995	유 윈 썸, 유 루즈 썸.
E996	잇 쿠드 비 워스.
E997	쏘 비 잇.
E998	히어 고즈 낫띵.
E999	위시 미 럭.
E1000	아일 리브 잇 업 투 유.
