published_at,pack,topic,video_id,duration_seconds,phrase_count,privacy,title
2026-09-20T05:00:00Z,sleep_japanese,,oCzTe3AnPt0,,150,private,자기 전 일본어 150문장
2026-09-20T06:22:17Z,sleep_japanese,,c3ILdxmebUQ,2100.0,150,private,자기 전 일본어 150문장
2026-09-20T06:54:54Z,sleep_japanese,,oLnmwfjau78,,150,private,자기 전 일본어 150문장
2026-09-20T07:11:23Z,situation_pack,여행·교통,ozeCkOlXdAA,726.0,30,public,상황별 일본어 여행·교통 30문장
2026-09-20T07:19:41Z,situation_pack,식당·쇼핑,3XSfm-A1QWM,660.0,30,public,상황별 일본어 식당·쇼핑 30문장
2026-09-22T16:43:31Z,situation_pack,숙박·문제 해결,W3pYFPLohC8,739.85,30,public,숙박·문제 해결 일본어 회화 표현 30개 | 상황별 일본어 12분
2026-09-24T16:23:00Z,shadowing_drill,,HVFYpHrCmoQ,1230.2,45,public,일본어 쉐도잉 연습 45문장 | 따라 말하기 21분
2026-09-25T01:06:00Z,shorts,인사·기본,70RC-E_OI-0,9.06,1,public,'좋은 아침입니다' 일본어로? おはようございます。 #shorts
2026-09-25T08:58:20Z,shorts,인사·기본,BmtugA1wQac,8.83,1,public,'안녕하세요 (낮 인사)' 일본어로? こんにちは。 #shorts
