observed_at,channel,video_id,published_at,duration_s,title,views,likes,comments
2026-09-19T23:49:19+00:00,200y3b,_ERuOs_qGqE,2026-09-19T22:42:30Z,864,영어 회화 표현 30개 몰아듣기 | 출퇴근 영어 흘려듣기 14분,0,0,0
2026-09-19T23:49:19+00:00,200y3b,eAZ8IBUUrtM,2026-09-19T15:02:55Z,12,"""Let's split the bill."" 무슨 뜻일까? | 매일 영어 한마디",436,7,0
2026-09-19T23:49:19+00:00,200y3b,2vqnr8jY1xc,2026-09-19T10:31:05Z,12,"""I'm swamped."" 무슨 뜻일까? | 매일 영어 한마디",8,0,0
2026-09-19T23:49:19+00:00,200y3b,lZg6igiSTDE,2026-09-19T01:46:34Z,12,"""That's the last straw."" 무슨 뜻일까? | 매일 영어 한마디",514,1,0
2026-09-19T23:49:19+00:00,200y3b,9tE3WXQ-7wc,2026-09-18T15:28:03Z,14,"""I'll hold you to that."" 무슨 뜻일까? | 매일 영어 한마디",109,4,0
2026-09-19T23:49:19+00:00,200y3b,jEQmIGEUVEc,2026-09-18T10:46:24Z,12,"""It's not my cup of tea."" 무슨 뜻일까? | 매일 영어 한마디",179,9,0
2026-09-19T23:49:19+00:00,200y3b,yIlzRnrJp3c,2026-09-18T01:41:51Z,11,"""I'm easy."" 무슨 뜻일까? | 매일 영어 한마디",1011,16,0
2026-09-19T23:49:19+00:00,200y3b,77kqzyKio08,2026-09-17T23:31:52Z,2498,잠들기 전 영어 듣기 42분 | 자면서 듣는 영어 회화 150문장,13,1,0
2026-09-19T23:49:19+00:00,200y3b,PGCCNwcM2Iw,2026-09-17T15:54:15Z,10,"""Let's grab a bite."" 무슨 뜻일까? | 매일 영어 한마디",1385,22,0
2026-09-19T23:49:19+00:00,200y3b,AimkzC29zD4,2026-09-17T11:13:55Z,12,"""I'm not buying it."" 무슨 뜻일까? | 매일 영어 한마디",1151,16,0
2026-09-19T23:49:19+00:00,200y3b,qnoBdsRDYfA,2026-09-17T01:54:45Z,11,"""That's more like it."" 무슨 뜻일까? | 매일 영어 한마디",363,11,0
2026-09-19T23:49:19+00:00,200y3b,XA-WGUr5SRc,2026-09-16T15:47:32Z,13,"""I'll see what I can do."" 무슨 뜻일까? | 매일 영어 한마디",1634,22,0
2026-09-19T23:49:19+00:00,200y3b,_Gpz7AlCn3Y,2026-09-16T11:03:26Z,12,"""It's a long story."" 무슨 뜻일까? | 매일 영어 한마디",638,12,0
2026-09-19T23:49:19+00:00,200y3b,zORNnd9x-V0,2026-09-16T01:50:27Z,12,"""Let's face it."" 무슨 뜻일까? | 매일 영어 한마디",507,19,0
2026-09-19T23:49:19+00:00,200y3b,FpHGi4RS0Fk,2026-09-15T23:25:29Z,902,직장·비즈니스 영어 회화 표현 30개 | 상황별 영어 한마디 15분,29,0,0
2026-09-19T23:49:19+00:00,200y3b,5Mt81jbN3U0,2026-09-15T15:55:46Z,11,"""I'm dying to know."" 무슨 뜻일까? | 매일 영어 한마디",1359,19,0
2026-09-19T23:49:19+00:00,200y3b,rdYk8FqggFo,2026-09-15T11:20:23Z,11,"""You've got this!"" 무슨 뜻일까? | 매일 영어 한마디",275,11,0
2026-09-19T23:49:19+00:00,200y3b,XGMHaUJABEI,2026-09-15T02:00:06Z,12,"""Hang in there."" 무슨 뜻일까? | 매일 영어 한마디",1132,24,0
2026-09-19T23:49:19+00:00,200y3b,7_nsiXYMKpk,2026-09-14T17:16:14Z,11,"""That's a wrap."" 무슨 뜻일까? | 매일 영어 한마디",1994,38,0
2026-09-19T23:49:19+00:00,200y3b,MwPgaA4e1Xo,2026-09-14T12:09:21Z,11,"""I'm over the moon."" 무슨 뜻일까? | 매일 영어 한마디",311,4,0
2026-09-19T23:49:19+00:00,200y3b,jMZR37CA8Gc,2026-09-14T01:50:13Z,11,"""Let's keep in touch."" 무슨 뜻일까? | 매일 영어 한마디",761,19,0
2026-09-19T23:49:19+00:00,200y3b,NmX7i7uUpNA,2026-09-13T22:52:58Z,1629,영어 쉐도잉 연습 45문장 | 원어민 따라 말하기 27분,246,10,0
2026-09-19T23:49:19+00:00,200y3b,F5LXtCaqqAk,2026-09-13T15:19:13Z,12,"""I'll pass this time."" 무슨 뜻일까? | 매일 영어 한마디",1710,20,0
2026-09-19T23:49:19+00:00,200y3b,k84fM45mIvI,2026-09-13T11:18:29Z,12,"""That's news to me."" 무슨 뜻일까? | 매일 영어 한마디",416,7,0
2026-09-19T23:49:19+00:00,200y3b,UUjFBDeU3bg,2026-09-13T01:32:13Z,12,"""I'm counting on you."" 무슨 뜻일까? | 매일 영어 한마디",966,24,0
2026-09-19T23:49:19+00:00,200y3b,IgdMNOugMGw,2026-09-12T22:49:54Z,877,영어 회화 표현 30개 몰아듣기 | 출퇴근 영어 흘려듣기 14분,71,1,0
2026-09-19T23:49:19+00:00,200y3b,tXciYQumCV8,2026-09-12T17:25:51Z,892,여행·공항·호텔 영어 회화 표현 30개 | 상황별 영어 한마디 14분,66,0,0
2026-09-19T23:49:19+00:00,200y3b,Vt9Hgf5lN48,2026-09-12T16:51:28Z,158,이번 주 영어 표현 7개 몰아듣기 | 매일 영어 한마디,15,1,0
2026-09-19T23:49:19+00:00,200y3b,0FWYn9mR1s0,2026-09-12T14:39:28Z,13,"""Let's see how it goes."" 무슨 뜻일까? | 매일 영어 한마디",695,7,0
2026-09-19T23:49:19+00:00,200y3b,Br9LGYqVVRo,2026-09-12T10:18:22Z,11,"""It costs an arm and a leg."" 무슨 뜻일까? | 매일 영어 한마디",233,10,0
2026-09-19T23:49:19+00:00,200y3b,Nqz4FJNhdHY,2026-09-12T01:41:57Z,10,"""I'm in no rush."" 무슨 뜻일까? | 매일 영어 한마디",1260,23,0
2026-09-19T23:49:19+00:00,200y3b,Xl7oO1y_4A4,2026-09-11T15:32:20Z,12,"""That's the spirit!"" 무슨 뜻일까? | 매일 영어 한마디",375,6,0
2026-09-19T23:49:19+00:00,200y3b,-Xy8vY5sQfo,2026-09-11T10:49:31Z,10,"""I mean it."" 무슨 뜻일까? | 매일 영어 한마디",1077,9,0
2026-09-19T23:49:19+00:00,200y3b,vAQLmxbe4_o,2026-09-11T01:35:49Z,10,"""Let's wrap it up."" 무슨 뜻일까? | 매일 영어 한마디",243,5,0
2026-09-19T23:49:19+00:00,200y3b,Mb4y-g8aEXU,2026-09-10T15:30:42Z,11,"""I'm stuck."" 무슨 뜻일까? | 매일 영어 한마디",1536,12,0
2026-09-19T23:49:19+00:00,200y3b,CcYiE-a9Gzw,2026-09-10T10:52:57Z,12,"""It's worth a shot."" 무슨 뜻일까? | 매일 영어 한마디",410,5,0
2026-09-19T23:49:19+00:00,200y3b,PPW_iRJ_xPQ,2026-09-10T01:36:32Z,11,"""I'll take a rain check."" 무슨 뜻일까? | 매일 영어 한마디",1014,29,0
2026-09-19T23:49:19+00:00,200y3b,hPqLtiJfXgQ,2026-09-09T15:34:36Z,12,"""That's a stretch."" 무슨 뜻일까? | 매일 영어 한마디",1059,20,0
2026-09-19T23:49:19+00:00,200y3b,chgi7DV_-DU,2026-09-09T10:56:49Z,11,"""I'm here for you."" 무슨 뜻일까? | 매일 영어 한마디",799,18,0
2026-09-19T23:49:19+00:00,200y3b,yRZvuoqppXs,2026-09-09T01:41:35Z,11,"""Let's cut to the chase."" 무슨 뜻일까? | 매일 영어 한마디",1209,14,0
2026-09-19T23:49:19+00:00,200y3b,m5iEb4zBbJ0,2026-09-08T15:40:54Z,13,"""It's out of my hands."" 무슨 뜻일까? | 매일 영어 한마디",978,13,1
2026-09-19T23:49:19+00:00,200y3b,Iv5qK6G2F1U,2026-09-08T10:50:40Z,12,"""I'm down for that."" 무슨 뜻일까? | 매일 영어 한마디",519,3,0
2026-09-19T23:49:19+00:00,200y3b,UEHMeCtwBq0,2026-09-08T01:34:08Z,12,"""That rings a bell."" 무슨 뜻일까? | 매일 영어 한마디",1034,19,0
2026-09-19T23:49:19+00:00,200y3b,JBeaXVJUWEs,2026-09-07T16:52:59Z,11,"""I can't make it."" 무슨 뜻일까? | 매일 영어 한마디",1221,10,0
2026-09-19T23:49:19+00:00,200y3b,kMDo0gXqGQA,2026-09-07T11:53:56Z,11,"""Give me a second."" 무슨 뜻일까? | 매일 영어 한마디",520,3,0
2026-09-19T23:49:19+00:00,200y3b,t2HBA4M4FBc,2026-09-07T01:24:40Z,13,"""I'm looking forward to it."" 무슨 뜻일까? | 매일 영어 한마디",902,17,0
2026-09-19T23:49:19+00:00,200y3b,xuuhUDetlgE,2026-09-06T14:38:33Z,12,"""It's not a big deal."" 무슨 뜻일까? | 매일 영어 한마디",160,1,0
2026-09-19T23:49:19+00:00,200y3b,LT3TAn9Ri_Q,2026-09-06T14:10:10Z,483,영어 회화 표현 35개 몰아듣기 | 생활 영어 흘려듣기 8분,6,0,0
2026-09-19T23:49:19+00:00,200y3b,3u53eydwlrE,2026-09-06T10:30:49Z,12,"""Let's touch base later."" 무슨 뜻일까? | 매일 영어 한마디",443,12,0
2026-09-19T23:49:19+00:00,200y3b,ZXjEXyWdKjs,2026-09-06T01:26:11Z,12,"""I'm on the fence."" 무슨 뜻일까? | 매일 영어 한마디",1057,23,0
2026-09-19T23:49:19+00:00,200y3b,EJqD6Jq-ktU,2026-09-05T14:15:12Z,11,"""That's a bummer."" 무슨 뜻일까? | 매일 영어 한마디",1084,16,0
2026-09-19T23:49:19+00:00,200y3b,Dc18GGsrJrg,2026-09-05T10:10:15Z,10,"""I'm beat."" 무슨 뜻일까? | 매일 영어 한마디",1036,19,0
2026-09-19T23:49:19+00:00,200y3b,mv-K7qe8cP4,2026-09-05T01:31:51Z,12,"""Let's play it by ear."" 무슨 뜻일까? | 매일 영어 한마디",1331,20,0
2026-09-19T23:49:19+00:00,200y3b,vKYGdafvjWw,2026-08-27T21:37:52Z,10,"""I couldn't agree more."" 무슨 뜻일까? | 매일 영어 한마디",1141,6,0
2026-09-19T23:49:19+00:00,200y3b,KT3x9y3vjoA,2026-08-27T06:09:02Z,25,메뉴 주문할 때 이 표현 꼭 써보세요!,375,0,0
2026-09-19T23:49:19+00:00,200y3b,jG91mHl0rsc,2026-08-27T06:03:07Z,32,이 선물 어때? 친구에게 물어보는 표현!,180,1,0
2026-09-19T23:49:19+00:00,200y3b,YYKBwDSM9eM,2026-08-27T01:19:17Z,23,문제가 생겼을 때 필요한 표현!,2,0,0
2026-09-19T23:49:19+00:00,200y3b,ph4GPy2JYSU,2026-08-27T01:15:13Z,24,초대는 언제나 환영! Thank You for the Invitation,2,0,0
2026-09-19T23:49:19+00:00,200y3b,8MFb5qEPnT8,2026-08-27T00:55:08Z,27,초대 거절할 때 유용한 표현!,1,0,0
2026-09-19T23:49:19+00:00,200y3b,4PHB9HdRTwo,2026-08-26T21:22:21Z,18,호텔 체크인 필수 표현!,721,1,0
2026-09-19T23:49:19+00:00,200y3b,Nibu08bZiZ8,2026-08-22T09:08:50Z,7,"""Let me get back to you."" 무슨 뜻일까? | 매일 영어 한마디",487,4,0
2026-09-19T23:49:19+00:00,200y3b,wPGr8oL28uI,2026-08-22T06:48:04Z,7,"""Break a leg!"" 무슨 뜻일까? | 매일 영어 한마디",395,9,0
2026-09-19T23:49:19+00:00,200y3b,Eou6FeAXm0A,2026-08-22T01:06:56Z,6,"""I'm all ears."" 무슨 뜻일까? | 매일 영어 한마디",443,10,0
2026-09-19T23:49:19+00:00,200y3b,__PaX30fLQ4,2026-08-21T15:24:13Z,7,"""It's a piece of cake."" 무슨 뜻일까? | 매일 영어 한마디",965,10,0
2026-09-19T23:49:19+00:00,200y3b,Ui16ZsNSqm8,2026-08-21T12:26:24Z,10,"""I'll keep that in mind."" 무슨 뜻일까? | 매일 영어 한마디",522,1,0
2026-09-19T23:49:19+00:00,200y3b,EvMXrJJMfCw,2026-08-21T06:58:39Z,11,"""That makes sense."" 무슨 뜻일까? | 매일 영어 한마디",41,1,0
2026-09-19T23:49:19+00:00,200y3b,VdjzHCAua84,2026-08-21T02:06:54Z,9,"""Long time no see."" 무슨 뜻일까? | 매일 영어 한마디",132,4,0
2026-09-19T23:49:19+00:00,200y3b,3_OUYQo6-28,2026-08-21T02:06:30Z,10,"""It's up to you."" 무슨 뜻일까? | 매일 영어 한마디",1184,10,0
2026-09-19T23:49:19+00:00,200y3b,lCwXV8QcouE,2026-08-21T02:04:13Z,10,"""I couldn't agree more."" 무슨 뜻일까? | 매일 영어 한마디",1226,9,0
2026-09-19T23:49:19+00:00,200y3b,2MDLha7T9TU,2026-08-21T01:56:46Z,8,No worries. 무슨 뜻일까? | 매일 영어 한마디,160,1,0
2026-09-19T23:49:19+00:00,200y3b,io52Z3g3di8,2026-08-21T01:08:29Z,9,"""I'm running late."" 무슨 뜻일까? | 매일 영어 한마디",228,3,0
2026-09-19T23:49:19+00:00,200y3b,lI1btNXG8ck,2026-08-20T12:48:46Z,10,"""I couldn't agree more."" 무슨 뜻일까? | 매일 영어 한마디",743,7,0
2026-09-19T23:49:19+00:00,200y3b,wgwziTM8yo0,2026-08-20T12:26:51Z,9,"""Long time no see."" 무슨 뜻일까? | 매일 영어 한마디",297,3,0
2026-09-19T23:49:19+00:00,200y3b,tjhWda-Q2h0,2026-08-20T06:57:18Z,11,"""It's up to you."" 무슨 뜻일까? | 매일 영어 한마디",179,2,0
2026-09-19T23:49:19+00:00,200y3b,9tJonf4MkyQ,2026-08-20T01:05:09Z,10,"""I couldn't agree more."" 무슨 뜻일까? | 매일 영어 한마디",667,11,0
2026-09-19T23:49:19+00:00,200y3b,wst7kZYOc_k,2026-08-19T21:39:10Z,9,"""Let's call it a day."" 무슨 뜻일까? | 매일 영어 한마디",153,2,0
2026-09-19T23:49:19+00:00,200y3b,u7RuRgpYID8,2026-08-19T21:33:33Z,9,"""Let's call it a day."" 무슨 뜻일까? | 매일 영어 한마디",185,5,0
2026-09-19T23:49:19+00:00,200y3b,2avb9VIeEqU,2026-08-19T12:26:14Z,9,"""No worries."" 무슨 뜻일까? | 매일 영어 한마디",94,2,0
2026-09-19T23:49:19+00:00,200y3b,7wDC1-ijRRU,2026-08-19T11:59:05Z,9,"""Let's call it a day."" 무슨 뜻일까? | 매일 영어 한마디",824,20,0
2026-09-19T23:49:19+00:00,200y3b,-cRhJCAcFLA,2026-08-19T11:37:26Z,357,영어 회화 표현 30개 몰아듣기 | 생활 영어 흘려듣기 5분,11,1,0
2026-09-19T23:49:19+00:00,200y3b,oKaBb5sojxE,2026-08-19T11:25:34Z,10,"""I'm on it."" 무슨 뜻일까? | 매일 영어 한마디",1147,13,0
2026-09-19T23:49:19+00:00,200y3b,7BnblHtG7pA,2026-08-19T11:11:03Z,7,"""How's it going?"" 무슨 뜻일까? | 매일 영어 한마디",733,4,0
2026-09-27T00:05:14+00:00,200y3b,IXgnllE73uI,2026-09-26T23:22:45Z,907,영어 회화 표현 30개 몰아듣기 | 출퇴근 영어 흘려듣기 15분,0,0,0
2026-09-27T00:05:14+00:00,200y3b,jofvyddmBIo,2026-09-26T15:23:55Z,12,"""It's just a phase."" 무슨 뜻일까? | 매일 영어 한마디",984,10,0
2026-09-27T00:05:14+00:00,200y3b,L1cGukUafyI,2026-09-26T11:00:19Z,12,"""I'm not in the mood."" 무슨 뜻일까? | 매일 영어 한마디",710,11,0
2026-09-27T00:05:14+00:00,200y3b,ZxsHtkhfUBM,2026-09-26T02:08:00Z,13,"""That's a whole different story."" 무슨 뜻일까? | 매일 영어 한마디",161,8,0
2026-09-27T00:05:14+00:00,200y3b,q1XjzmwtjsA,2026-09-25T16:10:25Z,14,"""Let's agree to disagree."" 무슨 뜻일까? | 매일 영어 한마디",1190,20,0
2026-09-27T00:05:14+00:00,200y3b,U2cjMcTqx8M,2026-09-25T11:24:59Z,14,"""I'm keeping my fingers crossed."" 무슨 뜻일까? | 매일 영어 한마디",296,5,0
2026-09-27T00:05:14+00:00,200y3b,Uc6O51KEdMM,2026-09-25T02:02:27Z,11,"""It's now or never."" 무슨 뜻일까? | 매일 영어 한마디",985,18,0
2026-09-27T00:05:14+00:00,200y3b,MTk7FISsCqc,2026-09-24T16:09:24Z,13,"""I'm running on empty."" 무슨 뜻일까? | 매일 영어 한마디",1458,22,0
2026-09-27T00:05:14+00:00,200y3b,vLcbLCy7QaM,2026-09-24T11:19:54Z,13,"""That's easier said than done."" 무슨 뜻일까? | 매일 영어 한마디",958,16,0
2026-09-27T00:05:14+00:00,200y3b,k32qyfm5K38,2026-09-24T01:45:29Z,14,"""Let's not jump to conclusions."" 무슨 뜻일까? | 매일 영어 한마디",1129,19,0
2026-09-27T00:05:14+00:00,200y3b,CyoDmG10Ea0,2026-09-23T15:47:51Z,13,"""I'm cutting it close."" 무슨 뜻일까? | 매일 영어 한마디",1327,21,0
2026-09-27T00:05:14+00:00,200y3b,2P0G177nUQk,2026-09-23T11:00:40Z,12,"""It's a small world."" 무슨 뜻일까? | 매일 영어 한마디",1102,12,0
2026-09-27T00:05:14+00:00,200y3b,lVa2CHiDLfI,2026-09-23T01:56:22Z,11,"""I'll wing it."" 무슨 뜻일까? | 매일 영어 한마디",1378,27,0
2026-09-27T00:05:14+00:00,200y3b,s72lWzHrec0,2026-09-22T23:28:33Z,870,쇼핑·외식 영어 회화 표현 30개 | 상황별 영어 한마디 14분,15,0,0
2026-09-27T00:05:14+00:00,200y3b,PYPgs8mdxns,2026-09-22T15:59:02Z,11,"""That's the bottom line."" 무슨 뜻일까? | 매일 영어 한마디",1042,28,0
2026-09-27T00:05:14+00:00,200y3b,dMHjTPbtuuA,2026-09-22T11:11:11Z,13,"""I'm at a loss for words."" 무슨 뜻일까? | 매일 영어 한마디",943,22,0
2026-09-27T00:05:14+00:00,200y3b,t6FZ-dHt1kk,2026-09-22T01:59:48Z,11,"""Let's not go there."" 무슨 뜻일까? | 매일 영어 한마디",536,11,0
2026-09-27T00:05:14+00:00,200y3b,VeZhijr8zjE,2026-09-21T17:26:57Z,12,"""I'm on cloud nine."" 무슨 뜻일까? | 매일 영어 한마디",1744,25,0
2026-09-27T00:05:14+00:00,200y3b,Mk7L_UnFrfY,2026-09-21T12:18:12Z,10,"""It doesn't add up."" 무슨 뜻일까? | 매일 영어 한마디",1245,19,0
2026-09-27T00:05:14+00:00,200y3b,dBo8p9r8m_c,2026-09-21T01:49:56Z,11,"""I'll catch you later."" 무슨 뜻일까? | 매일 영어 한마디",1221,22,0
2026-09-27T00:05:14+00:00,200y3b,NeYp6YDYQsc,2026-09-20T22:59:41Z,1658,영어 쉐도잉 연습 45문장 | 원어민 따라 말하기 28분,82,2,0
2026-09-27T00:05:14+00:00,200y3b,n0tBfe1jsuk,2026-09-20T15:06:54Z,11,"""That's a relief."" 무슨 뜻일까? | 매일 영어 한마디",1061,16,0
2026-09-27T00:05:14+00:00,200y3b,IIKXZ9P4KKc,2026-09-20T10:53:36Z,12,"""I'm in over my head."" 무슨 뜻일까? | 매일 영어 한마디",1215,10,0
2026-09-27T00:05:14+00:00,200y3b,XJja9qOOsyU,2026-09-20T01:49:07Z,10,"""It's on the house."" 무슨 뜻일까? | 매일 영어 한마디",386,4,0
2026-09-27T00:05:14+00:00,200y3b,_ERuOs_qGqE,2026-09-19T22:42:30Z,864,영어 회화 표현 30개 몰아듣기 | 출퇴근 영어 흘려듣기 14분,60,3,0
2026-09-27T00:05:14+00:00,200y3b,eAZ8IBUUrtM,2026-09-19T15:02:55Z,12,"""Let's split the bill."" 무슨 뜻일까? | 매일 영어 한마디",595,12,0
2026-09-27T00:05:14+00:00,200y3b,2vqnr8jY1xc,2026-09-19T10:31:05Z,12,"""I'm swamped."" 무슨 뜻일까? | 매일 영어 한마디",37,2,0
2026-09-27T00:05:14+00:00,200y3b,lZg6igiSTDE,2026-09-19T01:46:34Z,12,"""That's the last straw."" 무슨 뜻일까? | 매일 영어 한마디",555,4,0
2026-09-27T00:05:14+00:00,200y3b,9tE3WXQ-7wc,2026-09-18T15:28:03Z,14,"""I'll hold you to that."" 무슨 뜻일까? | 매일 영어 한마디",125,5,0
2026-09-27T00:05:14+00:00,200y3b,jEQmIGEUVEc,2026-09-18T10:46:24Z,12,"""It's not my cup of tea."" 무슨 뜻일까? | 매일 영어 한마디",234,10,0
2026-09-27T00:05:14+00:00,200y3b,yIlzRnrJp3c,2026-09-18T01:41:51Z,11,"""I'm easy."" 무슨 뜻일까? | 매일 영어 한마디",1175,20,0
2026-09-27T00:05:14+00:00,200y3b,77kqzyKio08,2026-09-17T23:31:52Z,2498,잠들기 전 영어 듣기 42분 | 자면서 듣는 영어 회화 150문장,175,8,0
2026-09-27T00:05:14+00:00,200y3b,PGCCNwcM2Iw,2026-09-17T15:54:15Z,10,"""Let's grab a bite."" 무슨 뜻일까? | 매일 영어 한마디",1445,25,0
2026-09-27T00:05:14+00:00,200y3b,AimkzC29zD4,2026-09-17T11:13:55Z,12,"""I'm not buying it."" 무슨 뜻일까? | 매일 영어 한마디",1216,18,0
2026-09-27T00:05:14+00:00,200y3b,qnoBdsRDYfA,2026-09-17T01:54:45Z,11,"""That's more like it."" 무슨 뜻일까? | 매일 영어 한마디",367,12,0
2026-09-27T00:05:14+00:00,200y3b,XA-WGUr5SRc,2026-09-16T15:47:32Z,13,"""I'll see what I can do."" 무슨 뜻일까? | 매일 영어 한마디",1641,24,0
2026-09-27T00:05:14+00:00,200y3b,_Gpz7AlCn3Y,2026-09-16T11:03:26Z,12,"""It's a long story."" 무슨 뜻일까? | 매일 영어 한마디",601,13,0
2026-09-27T00:05:14+00:00,200y3b,zORNnd9x-V0,2026-09-16T01:50:27Z,12,"""Let's face it."" 무슨 뜻일까? | 매일 영어 한마디",517,20,0
2026-09-27T00:05:14+00:00,200y3b,FpHGi4RS0Fk,2026-09-15T23:25:29Z,902,직장·비즈니스 영어 회화 표현 30개 | 상황별 영어 한마디 15분,50,1,0
2026-09-27T00:05:14+00:00,200y3b,5Mt81jbN3U0,2026-09-15T15:55:46Z,11,"""I'm dying to know."" 무슨 뜻일까? | 매일 영어 한마디",1375,20,0
2026-09-27T00:05:14+00:00,200y3b,rdYk8FqggFo,2026-09-15T11:20:23Z,11,"""You've got this!"" 무슨 뜻일까? | 매일 영어 한마디",281,11,0
2026-09-27T00:05:14+00:00,200y3b,XGMHaUJABEI,2026-09-15T02:00:06Z,12,"""Hang in there."" 무슨 뜻일까? | 매일 영어 한마디",1135,25,0
2026-09-27T00:05:14+00:00,200y3b,7_nsiXYMKpk,2026-09-14T17:16:14Z,11,"""That's a wrap."" 무슨 뜻일까? | 매일 영어 한마디",1996,39,0
2026-09-27T00:05:14+00:00,200y3b,MwPgaA4e1Xo,2026-09-14T12:09:21Z,11,"""I'm over the moon."" 무슨 뜻일까? | 매일 영어 한마디",314,5,0
2026-09-27T00:05:14+00:00,200y3b,jMZR37CA8Gc,2026-09-14T01:50:13Z,11,"""Let's keep in touch."" 무슨 뜻일까? | 매일 영어 한마디",767,20,0
2026-09-27T00:05:14+00:00,200y3b,NmX7i7uUpNA,2026-09-13T22:52:58Z,1629,영어 쉐도잉 연습 45문장 | 원어민 따라 말하기 27분,325,11,0
2026-09-27T00:05:14+00:00,200y3b,F5LXtCaqqAk,2026-09-13T15:19:13Z,12,"""I'll pass this time."" 무슨 뜻일까? | 매일 영어 한마디",1715,21,0
2026-09-27T00:05:14+00:00,200y3b,k84fM45mIvI,2026-09-13T11:18:29Z,12,"""That's news to me."" 무슨 뜻일까? | 매일 영어 한마디",424,8,0
2026-09-27T00:05:14+00:00,200y3b,UUjFBDeU3bg,2026-09-13T01:32:13Z,12,"""I'm counting on you."" 무슨 뜻일까? | 매일 영어 한마디",975,25,0
2026-09-27T00:05:14+00:00,200y3b,IgdMNOugMGw,2026-09-12T22:49:54Z,877,영어 회화 표현 30개 몰아듣기 | 출퇴근 영어 흘려듣기 14분,100,2,0
2026-09-27T00:05:14+00:00,200y3b,tXciYQumCV8,2026-09-12T17:25:51Z,892,여행·공항·호텔 영어 회화 표현 30개 | 상황별 영어 한마디 14분,73,0,0
2026-09-27T00:05:14+00:00,200y3b,Vt9Hgf5lN48,2026-09-12T16:51:28Z,158,이번 주 영어 표현 7개 몰아듣기 | 매일 영어 한마디,35,1,0
2026-09-27T00:05:14+00:00,200y3b,0FWYn9mR1s0,2026-09-12T14:39:28Z,13,"""Let's see how it goes."" 무슨 뜻일까? | 매일 영어 한마디",699,8,0
2026-09-27T00:05:14+00:00,200y3b,Br9LGYqVVRo,2026-09-12T10:18:22Z,11,"""It costs an arm and a leg."" 무슨 뜻일까? | 매일 영어 한마디",236,11,0
2026-09-27T00:05:14+00:00,200y3b,Nqz4FJNhdHY,2026-09-12T01:41:57Z,10,"""I'm in no rush."" 무슨 뜻일까? | 매일 영어 한마디",1267,24,0
2026-09-27T00:05:14+00:00,200y3b,Xl7oO1y_4A4,2026-09-11T15:32:20Z,12,"""That's the spirit!"" 무슨 뜻일까? | 매일 영어 한마디",378,7,0
2026-09-27T00:05:14+00:00,200y3b,-Xy8vY5sQfo,2026-09-11T10:49:31Z,10,"""I mean it."" 무슨 뜻일까? | 매일 영어 한마디",1080,10,0
2026-09-27T00:05:14+00:00,200y3b,vAQLmxbe4_o,2026-09-11T01:35:49Z,10,"""Let's wrap it up."" 무슨 뜻일까? | 매일 영어 한마디",247,6,0
2026-09-27T00:05:14+00:00,200y3b,Mb4y-g8aEXU,2026-09-10T15:30:42Z,11,"""I'm stuck."" 무슨 뜻일까? | 매일 영어 한마디",1538,13,0
2026-09-27T00:05:14+00:00,200y3b,CcYiE-a9Gzw,2026-09-10T10:52:57Z,12,"""It's worth a shot."" 무슨 뜻일까? | 매일 영어 한마디",415,6,0
2026-09-27T00:05:14+00:00,200y3b,PPW_iRJ_xPQ,2026-09-10T01:36:32Z,11,"""I'll take a rain check."" 무슨 뜻일까? | 매일 영어 한마디",1016,29,0
2026-09-27T00:05:14+00:00,200y3b,hPqLtiJfXgQ,2026-09-09T15:34:36Z,12,"""That's a stretch."" 무슨 뜻일까? | 매일 영어 한마디",1060,20,0
2026-09-27T00:05:14+00:00,200y3b,chgi7DV_-DU,2026-09-09T10:56:49Z,11,"""I'm here for you."" 무슨 뜻일까? | 매일 영어 한마디",803,19,0
2026-09-27T00:05:14+00:00,200y3b,yRZvuoqppXs,2026-09-09T01:41:35Z,11,"""Let's cut to the chase."" 무슨 뜻일까? | 매일 영어 한마디",1211,15,0
2026-09-27T00:05:14+00:00,200y3b,m5iEb4zBbJ0,2026-09-08T15:40:54Z,13,"""It's out of my hands."" 무슨 뜻일까? | 매일 영어 한마디",980,14,1
2026-09-27T00:05:14+00:00,200y3b,Iv5qK6G2F1U,2026-09-08T10:50:40Z,12,"""I'm down for that."" 무슨 뜻일까? | 매일 영어 한마디",524,4,0
2026-09-27T00:05:14+00:00,200y3b,UEHMeCtwBq0,2026-09-08T01:34:08Z,12,"""That rings a bell."" 무슨 뜻일까? | 매일 영어 한마디",1036,20,0
2026-09-27T00:05:14+00:00,200y3b,JBeaXVJUWEs,2026-09-07T16:52:59Z,11,"""I can't make it."" 무슨 뜻일까? | 매일 영어 한마디",1223,11,0
2026-09-27T00:05:14+00:00,200y3b,kMDo0gXqGQA,2026-09-07T11:53:56Z,11,"""Give me a second."" 무슨 뜻일까? | 매일 영어 한마디",530,4,0
2026-09-27T00:05:14+00:00,200y3b,t2HBA4M4FBc,2026-09-07T01:24:40Z,13,"""I'm looking forward to it."" 무슨 뜻일까? | 매일 영어 한마디",904,18,0
2026-09-27T00:05:14+00:00,200y3b,xuuhUDetlgE,2026-09-06T14:38:33Z,12,"""It's not a big deal."" 무슨 뜻일까? | 매일 영어 한마디",163,2,0
2026-09-27T00:05:14+00:00,200y3b,LT3TAn9Ri_Q,2026-09-06T14:10:10Z,483,영어 회화 표현 35개 몰아듣기 | 생활 영어 흘려듣기 8분,7,0,0
2026-09-27T00:05:14+00:00,200y3b,3u53eydwlrE,2026-09-06T10:30:49Z,12,"""Let's touch base later."" 무슨 뜻일까? | 매일 영어 한마디",450,12,0
2026-09-27T00:05:14+00:00,200y3b,ZXjEXyWdKjs,2026-09-06T01:26:11Z,12,"""I'm on the fence."" 무슨 뜻일까? | 매일 영어 한마디",1059,24,0
2026-09-27T00:05:14+00:00,200y3b,EJqD6Jq-ktU,2026-09-05T14:15:12Z,11,"""That's a bummer."" 무슨 뜻일까? | 매일 영어 한마디",1085,17,0
2026-09-27T00:05:14+00:00,200y3b,Dc18GGsrJrg,2026-09-05T10:10:15Z,10,"""I'm beat."" 무슨 뜻일까? | 매일 영어 한마디",1037,20,0
2026-09-27T00:05:14+00:00,200y3b,mv-K7qe8cP4,2026-09-05T01:31:51Z,12,"""Let's play it by ear."" 무슨 뜻일까? | 매일 영어 한마디",1331,21,0
2026-09-27T00:05:14+00:00,200y3b,vKYGdafvjWw,2026-08-27T21:37:52Z,10,"""I couldn't agree more."" 무슨 뜻일까? | 매일 영어 한마디",1141,6,0
2026-09-27T00:05:14+00:00,200y3b,KT3x9y3vjoA,2026-08-27T06:09:02Z,25,메뉴 주문할 때 이 표현 꼭 써보세요!,376,0,0
2026-09-27T00:05:14+00:00,200y3b,jG91mHl0rsc,2026-08-27T06:03:07Z,32,이 선물 어때? 친구에게 물어보는 표현!,181,1,0
2026-09-27T00:05:14+00:00,200y3b,YYKBwDSM9eM,2026-08-27T01:19:17Z,23,문제가 생겼을 때 필요한 표현!,2,0,0
2026-09-27T00:05:14+00:00,200y3b,ph4GPy2JYSU,2026-08-27T01:15:13Z,24,초대는 언제나 환영! Thank You for the Invitation,2,0,0
2026-09-27T00:05:14+00:00,200y3b,8MFb5qEPnT8,2026-08-27T00:55:08Z,27,초대 거절할 때 유용한 표현!,1,0,0
2026-09-27T00:05:14+00:00,200y3b,4PHB9HdRTwo,2026-08-26T21:22:21Z,18,호텔 체크인 필수 표현!,722,1,0
2026-09-27T00:05:14+00:00,200y3b,Nibu08bZiZ8,2026-08-22T09:08:50Z,7,"""Let me get back to you."" 무슨 뜻일까? | 매일 영어 한마디",488,5,0
2026-09-27T00:05:14+00:00,200y3b,wPGr8oL28uI,2026-08-22T06:48:04Z,7,"""Break a leg!"" 무슨 뜻일까? | 매일 영어 한마디",396,9,0
2026-09-27T00:05:14+00:00,200y3b,Eou6FeAXm0A,2026-08-22T01:06:56Z,6,"""I'm all ears."" 무슨 뜻일까? | 매일 영어 한마디",445,11,0
2026-09-27T00:05:14+00:00,200y3b,__PaX30fLQ4,2026-08-21T15:24:13Z,7,"""It's a piece of cake."" 무슨 뜻일까? | 매일 영어 한마디",965,11,0
2026-09-27T00:05:14+00:00,200y3b,Ui16ZsNSqm8,2026-08-21T12:26:24Z,10,"""I'll keep that in mind."" 무슨 뜻일까? | 매일 영어 한마디",523,2,0
2026-09-27T00:05:14+00:00,200y3b,EvMXrJJMfCw,2026-08-21T06:58:39Z,11,"""That makes sense."" 무슨 뜻일까? | 매일 영어 한마디",42,2,0
2026-09-27T00:05:14+00:00,200y3b,VdjzHCAua84,2026-08-21T02:06:54Z,9,"""Long time no see."" 무슨 뜻일까? | 매일 영어 한마디",132,4,0
2026-09-27T00:05:14+00:00,200y3b,3_OUYQo6-28,2026-08-21T02:06:30Z,10,"""It's up to you."" 무슨 뜻일까? | 매일 영어 한마디",1184,10,0
2026-09-27T00:05:14+00:00,200y3b,lCwXV8QcouE,2026-08-21T02:04:13Z,10,"""I couldn't agree more."" 무슨 뜻일까? | 매일 영어 한마디",1226,9,0
2026-09-27T00:05:14+00:00,200y3b,2MDLha7T9TU,2026-08-21T01:56:46Z,8,No worries. 무슨 뜻일까? | 매일 영어 한마디,160,1,0
2026-09-27T00:05:14+00:00,200y3b,io52Z3g3di8,2026-08-21T01:08:29Z,9,"""I'm running late."" 무슨 뜻일까? | 매일 영어 한마디",229,4,0
2026-09-27T00:05:14+00:00,200y3b,lI1btNXG8ck,2026-08-20T12:48:46Z,10,"""I couldn't agree more."" 무슨 뜻일까? | 매일 영어 한마디",743,7,0
2026-09-27T00:05:14+00:00,200y3b,wgwziTM8yo0,2026-08-20T12:26:51Z,9,"""Long time no see."" 무슨 뜻일까? | 매일 영어 한마디",298,4,0
2026-09-27T00:05:14+00:00,200y3b,tjhWda-Q2h0,2026-08-20T06:57:18Z,11,"""It's up to you."" 무슨 뜻일까? | 매일 영어 한마디",180,3,0
2026-09-27T00:05:14+00:00,200y3b,9tJonf4MkyQ,2026-08-20T01:05:09Z,10,"""I couldn't agree more."" 무슨 뜻일까? | 매일 영어 한마디",669,12,0
2026-09-27T00:05:14+00:00,200y3b,wst7kZYOc_k,2026-08-19T21:39:10Z,9,"""Let's call it a day."" 무슨 뜻일까? | 매일 영어 한마디",153,2,0
2026-09-27T00:05:14+00:00,200y3b,u7RuRgpYID8,2026-08-19T21:33:33Z,9,"""Let's call it a day."" 무슨 뜻일까? | 매일 영어 한마디",185,5,0
2026-09-27T00:05:14+00:00,200y3b,2avb9VIeEqU,2026-08-19T12:26:14Z,9,"""No worries."" 무슨 뜻일까? | 매일 영어 한마디",95,3,0
2026-09-27T00:05:14+00:00,200y3b,7wDC1-ijRRU,2026-08-19T11:59:05Z,9,"""Let's call it a day."" 무슨 뜻일까? | 매일 영어 한마디",825,21,0
2026-09-27T00:05:14+00:00,200y3b,-cRhJCAcFLA,2026-08-19T11:37:26Z,357,영어 회화 표현 30개 몰아듣기 | 생활 영어 흘려듣기 5분,12,1,0
2026-09-27T00:05:14+00:00,200y3b,oKaBb5sojxE,2026-08-19T11:25:34Z,10,"""I'm on it."" 무슨 뜻일까? | 매일 영어 한마디",1150,14,0
2026-09-27T00:05:14+00:00,200y3b,7BnblHtG7pA,2026-08-19T11:11:03Z,7,"""How's it going?"" 무슨 뜻일까? | 매일 영어 한마디",734,5,0
2026-09-27T00:05:16+00:00,jp,6ElQjdD1cIc,2026-09-26T14:07:31Z,9,'처음 뵙겠습니다' 일본어로? はじめまして。 #shorts,0,0,0
2026-09-27T00:05:16+00:00,jp,xY0EyI6q2q8,2026-09-26T08:44:49Z,9,'죄송합니다 / 저기요' 일본어로? すみません。 #shorts,5,0,0
2026-09-27T00:05:16+00:00,jp,L0JXfivlIvE,2026-09-26T01:07:28Z,10,'감사합니다' 일본어로? ありがとうございます。 #shorts,1,0,0
2026-09-27T00:05:16+00:00,jp,ky9HsvFM9aA,2026-09-25T17:07:01Z,2157,잠들기 전 일본어 듣기 36분 | 자면서 듣는 일본어 회화 150문장,0,0,0
2026-09-27T00:05:16+00:00,jp,meGLN_2IPaE,2026-09-25T15:00:14Z,9,'안녕하세요 (저녁 인사)' 일본어로? こんばんは。 #shorts,11,0,0
2026-09-27T00:05:16+00:00,jp,BmtugA1wQac,2026-09-25T08:58:30Z,9,'안녕하세요 (낮 인사)' 일본어로? こんにちは。 #shorts,6,0,0
2026-09-27T00:05:16+00:00,jp,70RC-E_OI-0,2026-09-25T01:06:19Z,10,'좋은 아침입니다' 일본어로? おはようございます。 #shorts,10,0,0
2026-09-27T00:05:16+00:00,jp,HVFYpHrCmoQ,2026-09-24T16:24:05Z,1231,일본어 쉐도잉 연습 45문장 | 따라 말하기 21분,0,0,0
2026-09-27T00:05:16+00:00,jp,W3pYFPLohC8,2026-09-22T16:44:11Z,740,숙박·문제 해결 일본어 회화 표현 30개 | 상황별 일본어 12분,0,0,0
2026-09-27T00:05:16+00:00,jp,3XSfm-A1QWM,2026-09-20T07:20:19Z,659,식당·쇼핑 일본어 회화 표현 30개 | 상황별 일본어 11분,0,0,0
2026-09-27T00:05:16+00:00,jp,ozeCkOlXdAA,2026-09-20T07:12:44Z,728,여행·교통 일본어 회화 표현 30개 | 상황별 일본어 12분,0,0,0
2026-09-27T00:05:16+00:00,jp,oLnmwfjau78,2026-09-20T06:54:49Z,2184,잠들기 전 일본어 듣기 36분 | 자면서 듣는 일본어 회화 150문장,0,0,0
2026-09-27T00:05:16+00:00,jp,c3ILdxmebUQ,2026-09-20T06:22:14Z,2101,잠들기 전 일본어 듣기 35분 | 자면서 듣는 일본어 회화 150문장,0,0,0
2026-09-27T00:05:16+00:00,jp,oCzTe3AnPt0,2026-09-20T01:12:21Z,2121,잠들기 전 일본어 듣기 35분 | 자면서 듣는 일본어 회화 150문장,3,0,0
